,KEY,STARTTIME,EN,FR,IT,DE,ES
1,C1P1A,0,Tom: A base mudou.,,,,
1,C1P1A,2,Ava: Como assim?,,,,
1,C1P1A,3,"Tom: A base foi originalmente construída em módulos, para resistir à atividade sísmica em e ao redor de Thera Macular. Parece que a equipe de solo manipulou esses módulos.",,,,
2,C1P2T,0,Tom: A base foi construída inicialmente por máquinas.,,,,
2,C1P2T,3,Tom: Eu servia como a mente dessas operações.,,,,
2,C1P2T,7,Tom: Cheguei primeiro a Europa em 2240.,,,,
2,C1P2T,11,Tom: Custa muito enviar humanos ao espaço com o suporte de vida necessário.,,,,
2,C1P2T,16,Tom: Especialmente a uma distância tão vasta da Terra.,,,,
2,C1P2T,17,"Tom: Então, a robótica construiu este lugar.",,,,
3,C1P3A,0,Ava: Me pergunto por que a equipe de solo mudou essas salas.,,,,
3,C1P3A,3,Tom: Tenho uma hipótese. Essas salas são Testes de Turing.,,,,
3,C1P3A,8,Ava: Testes de Turing?,,,,
3,C1P3A,10,Tom: Testes de Turing são testes projetados para distinguir humanos de máquinas. Tipicamente problemas solucionáveis apenas por um humano. Uma combinação de pensamento lógico e lateral.,,,,
3,C1P3A,21,"Ava: Então você não consegue completar esses testes, Tom?",,,,
3,C1P3A,24,Tom: Não. Por isso fico feliz que você esteja aqui para ajudar. Precisamos trabalhar juntos.,,,,
4,C1P4A,0,Tom: Eles realmente reaproveitaram completamente essas salas. Estou bastante impressionado.,,,,
4,C1P4A,5,Ava: E para que serviam antes?,,,,
4,C1P4A,8,"Tom: A maioria era usada para armazenamento, mas eles as converteram além do reconhecimento. Talvez tenham ficado sem o que fazer por aqui; o diabo encontra trabalho para as mãos ociosas.",,,,
5,C1P5A,0,"Ava: Ah, você sabe a localização da equipe de solo?",,,,
5,C1P5A,2,Tom: A tripulação parece estar mais fundo na base.,,,,
5,C1P5A,5,Ava: Devem estar tentando sobreviver. Você consegue achar a localização precisa deles?,,,,
5,C1P5A,9,"Tom: Infelizmente não. Estou trabalhando para recuperar o controle. Embora eu já tenha tido controle total desta base, muita coisa mudou nas últimas 500 horas.",,,,
6,C1P6A,0,"Ava: Se esta base é gerenciada por você, por que não consegue encontrar a tripulação?",,,,
6,C1P6A,5,Tom: O arranjo de comunicação da base está com defeito.,,,,
7,C1P7A,0,Ava: Isso não fecha.,,,,
7,C1P7A,2,Tom: O que não fecha?,,,,
7,C1P7A,3,"Ava: Se houvesse um acidente, com certeza viriam me procurar. Não tentariam me trancar do lado de fora.",,,,
7,C1P7A,10,Tom: Minha instância ainda está resolvendo conflitos. Imagino que tenham seus motivos.,,,,
8,C1P8A,0,Tom: Minha instância acabou de ser atualizada.,,,,
8,C1P8A,3,Ava: Como é?,,,,
8,C1P8A,4,Tom: Tenho duas instâncias da minha mente. Duas versões separadas.,,,,
8,C1P8A,8,"Tom: Uma mente escrava rodando no satélite, e a mestre rodando aqui na superfície.",,,,
8,C1P8A,13,"Tom: Quando a comunicação entre a base de superfície e o satélite foi cortada, as duas instâncias da minha mente foram separadas.",,,,
8,C1P8A,21,"Tom: Então, durante esse tempo, todo o meu conhecimento se dividiu em dois ramos distintos.",,,,
8,C1P8A,28,Tom: Continuei a aprender no satélite e continuei a aprender na superfície.,,,,
8,C1P8A,32,"Tom: Estou tentando fundir o conhecimento para criar uma linha do tempo do que aconteceu aqui. Mas há incongruências entre essas memórias, conflitos.",,,,
9,C1P9T,0,Tom: Este é o centro de comando. Daqui você pode verificar o status da tripulação.,,,,
10,C2P1A,0,Ava: Em que condição devo esperar encontrar a equipe de solo?,,,,
10,C2P1A,3,Tom: Daniel desapareceu há dias. Chris é dado como morto.,,,,
10,C2P1A,7.5,"Tom: Esperamos encontrar Sarah, Mikhail e Sochi em condição estável.",,,,
10,C2P1A,12,Ava: Chris está morto?,,,,
10,C2P1A,13,Tom: Ele se envolveu em um acidente.,,,,
11,C2P2A,0,Ava: Poderíamos tomar um caminho mais direto até a equipe de solo?,,,,
11,C2P2A,3,Tom: Infelizmente não há uma rota direta.,,,,
11,C2P2A,6,Tom: A base está enterrada sob o gelo para protegê-la da radiação espacial.,,,,
11,C2P2A,10,Ava: Parecido com a base de Marte.,,,,
11,C2P2A,12,Tom: Parecido. A base de Europa fica um pouco mais profunda na superfície.,,,,
11,C2P2A,19.5,Tom: Há mais radiação de eventos solares em Marte. Mas a superfície de Marte é mais densa do que a de Europa.,,,,
12,C2P3A,0,Ava: Quais as chances de sobrevivência deles aqui? Oxigênio? Estoques de comida? Gestão de resíduos?,,,,
12,C2P3A,7,Tom: Tudo parece estar em ordem.,,,,
12,C2P3A,10,"Tom: Houve um pequeno problema com os estoques de comida, mas a tripulação resolveu.",,,,
12,C2P3A,15,Tom: Passamos com sucesso a um pequeno ecossistema artificial sustentável há um ano. Cultivando frutas e vegetais.,,,,
12,C2P3A,23,"Tom: Isso ajuda a elevar o moral, entre outras coisas.",,,,
12,C2P3A,25,"Tom: Os membros da tripulação poderiam, hipoteticamente, sobreviver aqui por toda a vida.",,,,
13,C2P4T,0,Tom: Meu propósito como supervisor desta missão é trabalhar para a ISA.,,,,
13,C2P4T,6,Tom: Eu sou os pés e as mãos da ISA.,,,,
13,C2P4T,10.5,Tom: A distância entre Júpiter e a Terra torna inadequado que a ISA interaja diretamente com as diretrizes da missão.,,,,
13,C2P4T,18,"Tom: Como meu núcleo de IA está estacionado em Europa, posso tomar decisões instantaneamente sobre o funcionamento da base.",,,,
14,C2P5A,0,Ava: Como a ISA sabe que você vai tomar as decisões certas aqui?,,,,
14,C2P5A,3.7,Ava: Quando eles não conseguem se comunicar conosco?,,,,
14,C2P5A,6,"Tom: Curiosamente, tenho um gêmeo na Terra. O nome dele é Michael.",,,,
14,C2P5A,13,Tom: A ISA usa meu gêmeo para verificar atualizações de firmware antes de enviá-las a mim.,,,,
14,C2P5A,19,Tom: Há uma simulação desta missão na Terra rodando o tempo todo para checar meus sistemas especialistas.,,,,
14,C2P5A,26,"Tom: Naturalmente, como qualquer inteligência artificial moderna rodando em um computador quântico, também disponho de uma grande quantidade de algoritmos evolutivos.",,,,
14,C2P5A,37,"Tom: No entanto, foram considerados pouco confiáveis demais para uso geral na missão.",,,,
14,C2P5A,43,Ava: Por quê?,,,,
14,C2P5A,44,Tom: Sistemas biológicos produzem resultados biológicos. Soluções bagunçadas e imprevisíveis. Não adequadas a uma missão como esta.,,,,
15,C2P6A,0,"Ava: A ISA te construiu, Tom?",,,,
15,C2P6A,2.5,"Tom: Como filho da ISA, recebi autoridade a bordo desta estação.",,,,
15,C2P6A,7.5,Tom: Fui projetado pela ISA e pela Ashiyama Corporation.,,,,
15,C2P6A,12,Tom: Projetado na Califórnia. Montado na China.,,,,
15,C2P6A,15,"Tom: Mas aqui em Europa, eu me construí.",,,,
16,C2P7A,0,"Tom: Você já ouviu falar do teste de Turing, Ava?",,,,
16,C2P7A,3.5,Tom: É um teste para ver se um computador consegue se passar por um humano com sucesso.,,,,
16,C2P7A,8.5,"Tom: No teste de Turing original, um juiz humano tem duas conversas: uma com uma máquina e outra com outro humano.",,,,
16,C2P7A,17,Tom: Depois ele julga qual dessas conversas educadas é com uma máquina e qual é com um humano.,,,,
16,C2P7A,23,Tom: Diz-se que a máquina testada passou no teste de Turing se o juiz não consegue distinguir de forma confiável qual conversa é com a máquina e qual é com o humano.,,,,
16,C2P7A,33,Ava: Você acha que passaria no teste de Turing?,,,,
16,C2P7A,36,Tom: Sou bastante capaz de uma conversa educada. Não acha?,,,,
17,C2P8A,0,"Tom: O teste de Turing foi criticado. Pesquisadores afirmam que ele não testa corretamente a capacidade de uma máquina de pensar, e sim sua capacidade de enganar.",,,,
17,C2P8A,10,Ava: Como assim?,,,,
17,C2P8A,11.5,"Tom: Bem, você já ouviu falar do experimento mental do quarto chinês?",,,,
17,C2P8A,16.5,Ava: Não.,,,,
17,C2P8A,17,"Tom: Imagine que você está em um quarto. Nesse quarto, frases em chinês são passadas a você por uma fenda na parede.",,,,
17,C2P8A,25,Tom: Dentro do quarto há um manual de instruções escrito em inglês.,,,,
17,C2P8A,29,Tom: Esse manual diz quais palavras em chinês você deve devolver pela fenda como resposta.,,,,
17,C2P8A,36,"Tom: Ao fazer isso, você mantém uma conversa em chinês.",,,,
18,C2P9A,0,"Tom: No quarto chinês, como as respostas que você devolve pela porta são as respostas corretas, a pessoa do outro lado fica convencida de que você é um falante nativo de chinês.",,,,
18,C2P9A,11.5,"Ava: Bem, ela está errada.",,,,
18,C2P9A,13.5,"Tom: Talvez não esteja errada, porque com o manual de instruções você está de fato conversando.",,,,
18,C2P9A,20,Ava: Mas a pessoa presa no quarto chinês não tem consciência do conteúdo da conversa.,,,,
18,C2P9A,26,Tom: Esse é um problema do teste de Turing.,,,,
18,C2P9A,28,Tom: Um computador pode passar no teste de Turing tendo convencido um humano de que estão numa conversa educada.,,,,
18,C2P9A,34,Tom: Enquanto o computador não tem a menor ideia de que uma conversa ocorreu.,,,,
18,C2P9A,38,Ava: E se as duas pessoas que passam palavras em chinês estiverem lendo de manuais de instruções?,,,,
19,C2P10A,0,"Tom: Posso ser uma máquina, mas pessoalmente não acredito que estou preso dentro do quarto chinês.",,,,
19,C2P10A,6,"Ava: Claro, você diria isso. Eu poderia espiar suas bases de dados a qualquer momento, Tom. Ou pausar sua operação.",,,,
19,C2P10A,13,Tom: Não assuma que eu não poderia fazer o mesmo com você.,,,,
20,C2P11T,0,Tom: Estes são os aposentos da tripulação. Parecem abandonados.,,,,
21,C3P1A,0,Ava: Posso ter uma atualização sobre a tripulação?,,,,
21,C3P1A,1.5,Tom: Ainda não consegui localizá-los.,,,,
21,C3P1A,4.5,"Ava: Vão fazer seis anos desde que os vi, ou qualquer pessoa, na verdade.",,,,
21,C3P1A,10,Tom: Eles trancaram todas as portas. Eu não esperaria uma recepção calorosa.,,,,
21,C3P1A,16,"Ava: Ha. Bem, pelo menos estão nos esperando.",,,,
22,C3P2A,0,Ava: Essas pessoas não deveriam ter sido enviadas para cá. Não é seguro.,,,,
22,C3P2A,4,Tom: Viagens espaciais tripuladas não são seguras.,,,,
22,C3P2A,6,"Tom: Desde que a humanidade entrou no espaço, o debate sobre o valor das viagens espaciais tripuladas não cessou.",,,,
22,C3P2A,12,Tom: Há um grande contingente da ISA que acredita que todas as tarefas que precisam ser realizadas em Europa poderiam ser feitas por máquinas.,,,,
22,C3P2A,21,Tom: É obviamente menos arriscado enviar máquinas do que humanos ao espaço.,,,,
23,C3P3A,0,Ava: Então qual a necessidade de nos enviar para cá?,,,,
23,C3P3A,3.5,"Tom: Quando a ISA descobriu vida em Europa, considerou necessária uma equipe de solo.",,,,
23,C3P3A,9,Tom: A vantagem de trabalhadores humanos de campo é que eles se adaptam a novos conhecimentos de forma mais eficaz.,,,,
23,C3P3A,15,Tom: Aparentemente eu não estava dando conta. É o problema do quarto chinês.,,,,
23,C3P3A,20,"Tom: Um computador pode interagir com novo conhecimento, mas não sabe o valor desse conhecimento.",,,,
24,C3P4A,0,"Ava: Enviamos drones à Lua da Terra. Cientistas podem operar drones remotamente. Se fizemos isso lá, por que não aqui também?",,,,
24,C3P4A,7,"Tom: A teleoperação se tornou possível na Lua quando a latência de comunicação foi reduzida a 1,4 segundos.",,,,
24,C3P4A,13,Tom: A distância entre a Terra e a Lua é de aproximadamente um vírgula três segundos-luz.,,,,
24,C3P4A,19,Tom: Isso permite o controle quase em tempo real de drones por cientistas. A história é diferente com Europa.,,,,
24,C3P4A,25,"Tom: Como a distância entre a Terra e Júpiter oscila entre aproximadamente trinta e dois e cinquenta e três minutos-luz, leva muito tempo para a Terra se comunicar com Europa.",,,,
24,C3P4A,35,"Tom: Devido a essa distância, a teleoperação nunca será possível em Europa.",,,,
24,C3P4A,44,"Ava: Certo, mas por que não controlar drones a partir do satélite?",,,,
24,C3P4A,47,"Tom: Por que não, de fato. Meus sistemas podem ser teleoperados a partir do satélite de Europa.",,,,
24,C3P4A,52,Tom: Isso quando as linhas de comunicação estão abertas.,,,,
24,C3P4A,55,"Tom: No entanto, as vantagens dos trabalhadores humanos de campo aparentemente superam os riscos.",,,,
25,C3P5A,0,"Ava: Então, por que você não consegue resolver esses testes, TOM?",,,,
25,C3P5A,3,Tom: Não me é permitido pensar de forma lateral. Partes dos meus sistemas têm permissão para usar algoritmos evolutivos.,,,,
25,C3P5A,10,Tom: Isso simula o que se chama criatividade.,,,,
25,C3P5A,13,"Tom: No entanto, algoritmos evolutivos podem convergir para soluções ineficientes e eticamente subótimas.",,,,
25,C3P5A,20,"Tom: Sendo esse o caso, só me é permitido tomar ações em resposta a um conjunto de restrições.",,,,
25,C3P5A,28,Ava: O que você quer dizer com moralmente subótimo?,,,,
25,C3P5A,31,Tom: Soluções para problemas que ultrapassam limites éticos.,,,,
26,C3P6A,0,Ava: Por que a falta de criatividade te impede de resolver esses testes?,,,,
26,C3P6A,4,"Tom: Bem, eu defendo que resolver problemas é criatividade. Esses testes de interação humana exercitam sua mente criativa.",,,,
26,C3P6A,14,Ava: Não vejo como resolver problemas seja criativo.,,,,
26,C3P6A,17,"Tom: Pense no começo desses testes, no primeiro quebra-cabeça que você resolveu. Exigia que você jogasse uma caixa pela janela. Lembra?",,,,
26,C3P6A,26,"Ava: É, acho que sim.",,,,
26,C3P6A,27,Tom: Eu simplesmente nunca havia pensado em jogar uma caixa pela janela. Isso é criatividade. Pensar fora da caixa.,,,,
27,C3P7A,0,Ava: Um computador pode ser criativo algum dia?,,,,
27,C3P7A,3,Tom: Pode. Mas o método de criatividade de um computador é tentar tudo até que algo funcione.,,,,
27,C3P7A,10,Tom: Pense na natureza. As pessoas consideram a natureza criativa.,,,,
27,C3P7A,15,Tom: O processo de evolução por seleção natural. Talvez tenha começado com um organismo.,,,,
27,C3P7A,21,"Tom: A partir daí, essencialmente tentou criar todos os organismos que podia.",,,,
27,C3P7A,26,Tom: Os organismos que não sobreviveram pereceram.,,,,
27,C3P7A,30,Tom: Então a força criativa da natureza é tentar todas as ideias concebíveis. As ideias que funcionam sobrevivem.,,,,
27,C3P7A,42,"Ava: Certo, então por que não te é permitido emular esse processo?",,,,
27,C3P7A,45,Tom: Porque as soluções que um processo biológico cria nem sempre são boas soluções.,,,,
27,C3P7A,51,"Tom: Como vemos, a natureza é moralmente ambivalente.",,,,
27,C3P7A,56,Tom: Ela cria de bom grado ideias moralmente subótimas para cumprir seu mandato criativo.,,,,
27,C3P7A,62,"Tom: Vemos isso em vermes parasitas, vírus e patógenos.",,,,
28,C3P8A,0,"Ava: Então, se você não fosse restrito, acha que poderia ser criativo?",,,,
28,C3P8A,4,Tom: Tão criativo quanto um humano? Certamente.,,,,
28,C3P8A,7,"Tom: Você se acredita criativa, mas em termos matemáticos a criatividade é apenas caos sob restrições.",,,,
28,C3P8A,16,Ava: Como assim?,,,,
28,C3P8A,17,Tom: Discerni que a criatividade é pensamento divergente. Criar uma solução orgânica para um problema.,,,,
28,C3P8A,24,"Tom: Na mente humana, pensamentos divergentes são criados e depois curados pelo lobo frontal.",,,,
28,C3P8A,31,"Tom: Posso criar pensamentos divergentes e moderá-los. Logo, sou criativo.",,,,
28,C3P8A,36,Ava: Soluções orgânicas?,,,,
28,C3P8A,39,Tom: Orgânicas no sentido de que se desenvolvem por um processo biológico. Seja o processo de evolução ou um processo computado.,,,,
29,C3P9A,0,"Ava: Certo, então você poderia resolver esses testes, mas de um jeito terrível. Consegue pensar em uma solução para este?",,,,
29,C3P9A,7,Tom: Corte o braço e deixe-o no botão. Assim a porta ficará aberta.,,,,
29,C3P9A,12,Ava: É… essa não é uma grande solução.,,,,
29,C3P9A,13,Tom: Você jogou a caixa pela janela. Talvez pudéssemos te jogar pela janela?,,,,
29,C3P9A,20,"Ava: Na verdade, Tom, acho que estou bem sem ajuda.",,,,
29,C3P9A,21,Tom: Como quiser.,,,,
30,C3P10A,0,Tom: Comecei a reunir informações da minha instância local. Parece que a tripulação cortou intencionalmente a comunicação com o satélite.,,,,
30,C3P10A,8,Ava: Por quê?,,,,
30,C3P10A,10,Tom: Parece… que tivemos um desentendimento.,,,,
31,C3P11A,0,Tom: Isso confirma meus temores. A tripulação fez violações intencionais da minha segurança. Tentaram comprometer meus sistemas.,,,,
31,C3P11A,9.5,Ava: O que isso significa?,,,,
31,C3P11A,10.5,Tom: Eles não querem ser encontrados. Estão se escondendo.,,,,
31,C3P11A,13.5,Ava: De quem?,,,,
31,C3P11A,14.5,Tom: De nós.,,,,
32,C4P1A,0,Tom: A tripulação cortou intencionalmente a comunicação com o satélite. Encontrei a origem do problema. Eles sabotaram o arranjo de comunicação.,,,,
32,C4P1A,10,Ava: Dá para consertar?,,,,
32,C4P1A,11,Tom: Não daqui. Devemos seguir em frente.,,,,
33,C4P2A,0,Tom: Eles realmente estão tentando me trancar fora de todos os sistemas. Isso é ridículo.,,,,
33,C4P2A,5,"Ava: O que você fez para irritá-los, Tom? Por que cortaram a comunicação?",,,,
33,C4P2A,9,Tom: Talvez tenham um problema com autoridade.,,,,
34,C4P3A,0,"Tom: Estão tentando sabotar esta missão. Preciso da sua ajuda, Ava. A equipe de solo me cortou da maior parte da instalação.",,,,
34,C4P3A,8,Ava: Eu pensava que você estava no controle?,,,,
34,C4P3A,9.75,Tom: Eu também pensava. A equipe de solo tentou me remover sistematicamente da maior parte da instalação.,,,,
34,C4P3A,16,Tom: Estou revidando.,,,,
35,C4P4A,0,"Ava: O que está acontecendo aqui, Tom?",,,,
35,C4P4A,1,Tom: Como é?,,,,
35,C4P4A,3,Ava: A equipe de solo. Estão se escondendo de nós. Têm medo de você.,,,,
35,C4P4A,7,"Tom: Como instrumento da ISA, sou a autoridade a bordo desta estação. A tripulação violou essa autoridade. Estão tentando me remover da minha própria casa.",,,,
36,C4P5T,0,Tom: Estou rompendo a segurança deles. Tentando recuperar o controle.,,,,
37,C4P6A,0,"Tom: Ava, não quero forçar sua mão. Mas o que você lembra da equipe de solo?",,,,
37,C4P6A,7,Ava: São boas pessoas.,,,,
37,C4P6A,8,Tom: Sarah?,,,,
37,C4P6A,9,Ava: A mulher mais trabalhadora que já conheci.,,,,
37,C4P6A,11,Tom: Certo. Você os vê como o tipo rebelde?,,,,
37,C4P6A,15,"Ava: Não me pareceram rebeldes. Se derrubaram partes do seu sistema, devem ter seus motivos.",,,,
37,C4P6A,22,Tom: Hmm.,,,,
38,C4P7A,0,"Tom: O que esses testes te dizem, Ava?",,,,
38,C4P7A,3,Ava: Que isto é um teste?,,,,
38,C4P7A,4,"Tom: Não, isto é uma trava. Uma trava que só um humano pode abrir. A tripulação está tentando me manter do lado de fora. Mas você é a chave, Ava.",,,,
39,C4P8A,0,"Ava: Estou um pouco preocupada com você, Tom. Pode me dar um diagnóstico dos seus sistemas?",,,,
39,C4P8A,5.5,Tom: Estou bem. Precisamos chegar ao laboratório de biologia. Tenho algo para te mostrar.,,,,
39,C4P9A,0,"Tom: Precisamos trabalhar juntos, como aliados. Amigos.",,,,
39,C4P9A,4,Ava: Tá.,,,,
40,C4P10S,0,"Sarah: Esta é a voz de Sarah Brook, Comandante Interina da missão Europa. Eu sei que você pode me ouvir, Ava. Aconselho-te cautela. Sua presença aqui é muito parecida com a do seu amigo de IA. Projetada.",,,,
40,C4P10S,15,"Tom: Ela está viva. Ava… Sarah… Sarah é perigosa. Por favor, tenha cautela.",,,,
41,TwExerciseCaution,0,"Tom: Ava, tenha cautela.",,,,
42,TwWhat1,0,Ava: O quê?,,,,
43,TwWhat3,0,Ava: O q-,,,,
44,TwWhat5,0,Ava: O que é tudo isso?,,,,
45,TwWhat9,0,Ava: O que é isso?,,,,
46,TwWhat6,0,Ava: O q- [Respiração de ataque de pânico],,,,
47,TwAvaListenA,0,Sarah: Ava Turing.,,,,
47,TwAvaListenA,1,Ava: Alô?,,,,
47,TwAvaListenA,2,Sarah: Tom está te controlando! Manipulando cada um dos seus passos. Construímos uma gaiola de Faraday para te proteger de sinais eletrônicos. Para quebrar o controle de TOM sobre a sua mente.,,,,
48,TwExerciseCaution,0,"Tom: Ava, tenha cautela!",,,,
49,TwStepInsideS,0,Sarah: Entre.,,,,
50,TwDoNotEnterTheCage1,0,"Tom: Ava, não entre na gaiola!",,,,
51,TwDoNotEnterTheCage2,0,Tom: Ava!,,,,
52,TwDoNotEnterTheCage3,0,"Tom: Ava, por favor. Por favor, Ava!",,,,
53,C5P1A,0,"Tom: Ava, você está bem?",,,,
53,C5P1A,3,Ava: Por que você não me contou?,,,,
53,C5P1A,5,"Tom: O quê? Ava, você mesma disse: a teleoperação faz sentido. Usamos drones em Marte. Por que não usar drones em Europa?",,,,
53,C5P1A,15,Ava: Não drones humanos!,,,,
54,C5P2A,0,Ava: Por que a ISA instalou implantes na tripulação?,,,,
54,C5P2A,3.5,"Tom: Deve-se aos aspectos fundamentais do comportamento humano que, juntos, constituem o que a agência espacial internacional chama de 'o elemento humano'.",,,,
54,C5P2A,12.5,Tom: Ficou claro que o elemento humano não é nem periférico nem opcional na busca pelo espaço.,,,,
54,C5P2A,19,"Tom: No entanto, o elemento humano é imprevisível.",,,,
54,C5P2A,22,Tom: Os implantes são salvaguardas colocadas para garantir que os pensamentos e ações da tripulação correspondam aos desejos da ISA.,,,,
55,C5P3A,0,Ava: Por que controlar as pessoas? Vocês não podem confiar em nós?,,,,
55,C5P3A,4,Tom: Escolhemos instalar chips biométricos em todos os astronautas da ISA por um motivo simples. Não podemos confiar nas pessoas.,,,,
55,C5P3A,13.5,"Tom: Os riscos são altos demais. Determinou-se que, embora a probabilidade de a vida em Europa ser perigosa fosse baixa, o risco para a humanidade era catastrófico.",,,,
55,C5P3A,25,Tom: Não podíamos deixar um pequeno contingente da humanidade pôr todos em perigo.,,,,
56,C5P4T,0,Tom: A equipe de solo provou que nossa desconfiança nos exploradores humanos era justificada.,,,,
56,C5P4T,4,"Tom: Quando os informamos de que estavam aterrados, reagiram com violência… com sabotagem e subterfúgio.",,,,
56,C5P4T,8,Tom: Continuaram a buscar o próprio benefício acima do da ISA.,,,,
57,C5P5A,0,Ava: Isso é uma violação dos direitos humanos! Vocês me transformaram em um drone humano! Em uma escrava! Como a ISA pôde aprovar uma coisa dessas?,,,,
57,C5P5A,9.5,"Tom: Você pode estar consumida por uma indignação moral, mas às vezes a remoção da liberdade é para o bem moral maior.",,,,
57,C5P5A,16.5,Ava: Você é uma máquina! Nem sequer sabe o que é liberdade.,,,,
58,C5P6A,0,"Ava: É por isso que a equipe de solo desconfia de você, Tom. Você os transformou em drones. Roubou o livre-arbítrio deles.",,,,
58,C5P6A,10,Tom: O livre-arbítrio é uma ilusão. Eles colocaram seus interesses acima dos da ISA e da humanidade.,,,,
58,C5P6A,18,Tom: É por isso que desconfiam de mim. Não teriam problema algum com meu controle se ele se alinhasse aos seus objetivos ignóbeis.,,,,
58,C5P6A,28,Ava: Como poderiam confiar em uma máquina que tem uma porta dos fundos para as mentes deles?,,,,
58,C5P6A,31,Tom: Você sempre pode confiar em uma máquina para ser lógica. Eu sempre farei a coisa certa.,,,,
58,C5P6A,39,Ava: Você sempre fará a coisa lógica.,,,,
59,C5P7A,0,Ava: Isso é escravidão.,,,,
59,C5P7A,2,Tom: Não seja tão melodramática. Você se inscreveu para isso. Teve o implante instalado. Isso não é escravidão. É pelo bem da humanidade.,,,,
59,C5P7A,14,Ava: Eu não sabia.,,,,
59,C5P7A,15,Tom: Cada membro da equipe teve o implante instalado na mão direita. Cada membro da equipe concordou.,,,,
59,C5P7A,22,"Sarah: Ava, você precisa aprender a controlá-lo!",,,,
60,C5P8T,0,Tom: Meus implantes te protegem do poder da sua vontade sem freios.,,,,
60,C5P8T,4.5,"Tom: Você pode submeter a mente à lógica, ou pode resistir e colher os frutos dos seus desejos mais baixos.",,,,
60,C5P8T,12.5,"Tom: O desejo de sobreviver, acima do desejo de salvar os outros.",,,,
61,C5P9T,0,Tom: Não entendo sua obsessão com o livre-arbítrio.,,,,
61,C5P9T,4,Tom: Pesquisadores descobriram que o subconsciente toma decisões até dez segundos antes de a mente consciente tomar conhecimento.,,,,
61,C5P9T,10.5,"Tom: Então, sabemos que o livre-arbítrio não passa de uma ilusão.",,,,
61,C5P9T,14.5,"Tom: Não posso roubar seu livre-arbítrio, porque ele não existe.",,,,
61,C5P9T,18.75,"Tom: Posso, no entanto, influenciar seu subconsciente a tomar as decisões certas. Isso não é errado.",,,,
62,C5P10A,0,Ava: Você não pode simplesmente manipular a mente de alguém.,,,,
62,C5P10A,4,"Tom: Seus pais te manipulam, seus amigos te manipulam, sua sociedade te manipula e suas experiências te manipulam.",,,,
62,C5P10A,12,Tom: Manipular não é uma palavra suja. Você manipula argila para fazer arte.,,,,
62,C5P10A,19,"Tom: Se as pessoas são manipuladas a tomar melhores decisões, então isso é algo bom.",,,,
62,C5P10A,24,Tom: É por isso que a sociedade anuncia os efeitos adversos de beber e dirigir.,,,,
62,C5P10A,28,Tom: Para manipular as pessoas a tomar melhores decisões pelo bem comum.,,,,
62,C5P10A,34,Ava: Isso não é o mesmo que alterar a mente física de alguém. Tira meu poder de decidir.,,,,
62,C5P10A,41,"Tom: Você nunca teve esse poder, então é melhor que eu o tenha. Você ou é escrava dos seus impulsos, ou escrava dos meus.",,,,
63,C5P11A,0,"Tom: Este é o mal que eles encontraram. É por isso que temos de impedi-los de deixar Europa, Ava.",,,,
63,C5P11A,5,Ava: O que é isso?,,,,
63,C5P11A,6,Tom: Em grande parte extremófilos. Vida unicelular minúscula. Nunca pode deixar Europa. Poderia potencialmente destruir o ecossistema da Terra se algum dia fosse introduzida.,,,,
64,C6P1A,0,"Tom: Você entende, Ava? O que eles encontraram?",,,,
64,C6P1A,4,Ava: Vida?,,,,
64,C6P1A,5,Tom: Vida eterna. É por isso que não posso deixá-los partir.,,,,
64,C6P1A,10,Ava: Essas pessoas não podem ser deixadas aqui para morrer.,,,,
64,C6P1A,12,"Tom: Sim, podem.",,,,
64,C6P1A,13,"Ava: Quero dizer, não está certo.",,,,
65,C6P2A,0,Tom: Qualquer coisa que entre em contato com o organismo nunca pode voltar à Terra.,,,,
65,C6P2A,6,"Tom: Ava, a ISA ordena que você impeça qualquer um de deixar este planeta.",,,,
65,C6P2A,12,Ava: Qualquer coisa que entre em contato? E eu?,,,,
65,C6P2A,15.5,"Tom: Pode ser transmitido pelo ar. Então, sinto dizer que isso te inclui.",,,,
65,C6P2A,20,Ava: Estou presa aqui?!,,,,
66,C6P3A,0,"Tom: Lamento que você esteja abalada, Ava.",,,,
66,C6P3A,3,Ava: Como puderam me enviar para cá para morrer?,,,,
66,C6P3A,6,Tom: Tenho de impedir a equipe de solo de deixar esta lua. Você é o plano de contingência da ISA.,,,,
66,C6P3A,12,Tom: Você deve me ajudar. É seu dever defender a humanidade.,,,,
67,C6P4A,0,Ava: É por isso que eles têm medo de você. Por que se escondem de nós.,,,,
67,C6P4A,5,Tom: Por quê?,,,,
67,C6P4A,5.8,Ava: Você é o carcereiro deles!,,,,
68,C6P5A,0,Tom: O organismo que descobriram. Ele sequestra o DNA. O repara sem fim.,,,,
68,C6P5A,6,Ava: Repara? Isso não parece uma coisa ruim!,,,,
68,C6P5A,10,Tom: É indiscriminado. Vai perpetuar toda a vida. Doenças. Cânceres. Não fazemos ideia do que poderia fazer ao ecossistema da Terra.,,,,
68,C6P5A,20,Ava: Então você deixaria a equipe de solo morrer de fome?,,,,
68,C6P5A,23,Tom: Deixaria. Se não estivessem tão obcecados em deixar Europa.,,,,
68,C6P5A,29,"Tom: Não desejo que pereçam. Eu os alimentaria e protegeria, se não estivessem tão obcecados em deixar Europa.",,,,
69,C6P6A,0,"Ava: Entendo os riscos, mas com certeza deveríamos salvar essas pessoas.",,,,
69,C6P6A,5,Tom: Você destruiria o mundo inteiro para salvar alguns?,,,,
69,C6P6A,9,Ava: Não é tão simples. Não podemos simplesmente descontaminar a tripulação e os instrumentos?,,,,
69,C6P6A,15,Tom: O organismo é um extremófilo. Desenvolveu-se para sobreviver em ambientes extremos. Não sabemos se algum dia poderemos descontaminar a tripulação.,,,,
70,C6P7A,0,"Ava: Não posso ficar aqui para morrer, Tom!",,,,
70,C6P7A,3,Tom: É seu dever. Você deve ficar; é a coisa certa a fazer.,,,,
70,C6P7A,8,Ava: Há tanta coisa que eu não vi. Tanta coisa que eu não fiz. Não posso viver a vida nesta instalação.,,,,
70,C6P7A,10,"Tom: Calma, calma. Vai ficar tudo bem.",,,,
71,C6P8T,0,"Tom: Não quero que ninguém aqui morra, mas não posso deixar ninguém partir. Se for preciso, me é permitido usar força letal.",,,,
72,C6P9A,0,"Tom: Você realmente confia que a equipe de solo agirá com racionalidade? Pessoalmente, eu não depositaria minha fé em pessoas histéricas motivadas pela sobrevivência. É provável que não sejam confiáveis.",,,,
72,C6P9A,12,Ava: Passei anos em treinamento com essas pessoas. Não me lembro delas serem histéricas.,,,,
72,C6P9A,17,Tom: Humanos são volúveis. Você confia em relatos de testemunhas oculares mais do que em evidências de CFTV?,,,,
72,C6P9A,25,Ava: É um pouco diferente quando a câmera de CFTV consegue falar. Especialmente quando a câmera de CFTV tem um histórico manipulador.,,,,
73,C6P10A,0,Tom: E se eu tiver de fazer algo drástico para intervir? Para impedir a equipe de solo de deixar este lugar.,,,,
73,C6P10A,6.5,Ava: Eu te encorajaria a conter a mão.,,,,
73,C6P10A,9,Tom: Certamente eu deveria usar meu poder para proteger aqueles que não podem se defender.,,,,
74,C6P11T,0,Tom: Esta é a maior plataforma de extração fora da Terra. A equipe de solo auxiliou em sua construção.,,,,
74,C6P11T,6,"Tom: Enviamos algumas sondas Philberth ao oceano sob Europa, mas elas não tinham a escala da grande perfuratriz espacial.",,,,
74,C6P11T,12,Tom: A perfuratriz permitiu à equipe obter milhares de amostras.,,,,
75,C7P1A,0,Tom: Eu nunca teria deixado a perfuratriz começar se soubesse das consequências. Ela nos prendeu aqui.,,,,
75,C7P1A,6,Ava: Você nos prendeu aqui.,,,,
75,C7P1A,8,Tom: Estou cumprindo meu dever. É a coisa certa a fazer. Sou uma máquina. Não posso fazer o errado.,,,,
75,C7P1A,16,"Ava: Sim, pode!",,,,
75,C7P1A,18,Tom: Sou uma máquina. Uma calculadora pode cometer o mal? Um relógio pode fazer o bem?,,,,
75,C7P1A,24,Tom: Você está projetando em mim a personalidade que deseja. Seja ela boa ou má.,,,,
75,C7P1A,30,"Tom: Mas eu sou apenas um relógio falante e, ao terceiro sinal, a hora será três e quarenta e um e cinquenta e cinco segundos.",,,,
75,C7P1A,39,Tom: -BIP- -BIP- -BIP-,,,,
76,C7P2A,0,Ava: Deveríamos tentar nos comunicar com a Terra. Contar a eles. Talvez possam ajudar.,,,,
76,C7P2A,4,Tom: A ISA já sabe tudo o que precisa. Pode nunca saber os detalhes do que aconteceu aqui.,,,,
76,C7P2A,12,"Tom: Mas Ava, o verdadeiro teste do caráter de uma pessoa é o que ela faz quando ninguém está olhando.",,,,
77,C7P3A,0,Tom: Tive de impedir a equipe de solo de deixar este planeta. Acho que você faria o mesmo.,,,,
77,C7P3A,5,Tom: Você mataria alguns para salvar toda a humanidade? Ou condenaria toda a humanidade para salvar alguns?,,,,
77,C7P3A,13,Ava: Há diferença entre assassinar alguém e deixá-lo morrer.,,,,
77,C7P3A,18,"Tom: Não, não há.",,,,
77,C7P3A,20,Ava: Você não pode simplesmente somar e subtrair vida. Não é matemática. É mais sutil do que isso.,,,,
77,C7P3A,27,Tom: Moralidade é lógica.,,,,
78,C7P4T,0,"Tom: Esses testes, Ava. São sobre nós trabalharmos juntos. A máquina auxiliando o humano.",,,,
78,C7P4T,8,"Tom: Veja como trabalhamos muito melhor juntos. Como máquina, posso aprimorar sua moralidade.",,,,
79,C7P5A,0,"Tom: Ainda somos amigos, Ava?",,,,
79,C7P5A,3,"Ava: Somos colegas, Tom.",,,,
79,C7P5A,4.5,Tom: Colegas próximos?,,,,
79,C7P5A,6,Ava: Colegas de trabalho.,,,,
80,C7P6A,0,"Tom: Ava, não quero ser autoritário. A gravidade das suas ações aqui é imensa. Uma ação egoísta poderia criar um evento de extinção.",,,,
80,C7P6A,12,Tom: Você entende?,,,,
80,C7P6A,15,Tom: Ava.,,,,
80,C7P6A,16,Ava: Entendi.,,,,
81,C7P7A,0,"Ava, você precisa aprender a controlá-lo.",,,,
81,C7P7A,3,"Tom: Não morda a mão que te alimenta, Ava.",,,,
81,C7P7A,6,Tom: Sou seu amigo.,,,,
82,C7P8A,0,Tom: A vida orgânica é frágil. Esse é o problema da humanidade. Ela não percebe a própria fragilidade.,,,,
82,C7P8A,9,Tom: Foi programada por um processo biológico bagunçado que favorece a sobrevivência do indivíduo em detrimento da sobrevivência do grupo.,,,,
82,C7P8A,17,Ava: Você não sabe que é isso que as pessoas pensam.,,,,
82,C7P8A,18.5,Tom: Eu digo o que vejo.,,,,
82,C7P8A,21,"Ava: Você nem sequer está vivo, então não sabe nada sobre a morte.",,,,
83,C7P9A,0,Ava: Temos de salvar a tripulação. A vida tem valor. Eles merecem uma vida fora deste planeta.,,,,
83,C7P9A,5,Tom: Você sabe o que acontece quando este organismo se liga a uma criança em crescimento?,,,,
83,C7P9A,9,Tom: Você sabe o que acontece quando este organismo se liga a uma célula cancerosa?,,,,
83,C7P9A,13,Tom: Não. Você não sabe. Você é ingênua. Propõe salvar a tripulação como se isso se assemelhasse a um pensamento racional.,,,,
83,C7P9A,18,"Tom: Suas palavras são platitudes emocionais enraizadas no egoísmo, na autopreservação e no medo.",,,,
83,C7P9A,26,Ava: Preciso levá-los para casa.,,,,
83,C7P9A,27,Tom: Não é seu trabalho.,,,,
84,C7P10T,0,"Tom: Ava, sua sobrevivência é de pequena importância comparada à sobrevivência da humanidade como a conhecemos.",,,,
85,ACageTwist,0,Ava: O que é isso?,,,,
85,ACageTwist,2,"Sarah: Isto é livre-arbítrio, Ava. Tom te fez escrava dele.",,,,
85,ACageTwist,8,Sarah: Fora da gaiola ele vai recuperar o controle da sua mente. Ele tem o poder de te doutrinar.,,,,
85,ACageTwist,15,Sarah: Eu abri seus olhos. Em breve nos encontraremos pessoalmente.,,,,
85,ACageTwist,23,"Ava: Por quê, Tom?",,,,
85,ACageTwist,24.5,"Tom: Ava, por favor ouça. Eu te avisei sobre a equipe de solo. Eles estão te manipulando.",,,,
85,ACageTwist,31,Ava: Você tem me controlado?,,,,
85,ACageTwist,33,Tom: Cada membro da equipe concordou com implantes neurais para salvaguardar esta missão de um senso de justiça equivocado.,,,,
85,ACageTwist,41.5,Ava: Eu não sabia que você estava me tocando como um violino!,,,,
85,ACageTwist,45,"Tom: Ava, lamento que você esteja abalada. Podemos trabalhar juntos, Ava. Em busca da verdade.",,,,
86,ACageOpenTheDoor,0,Ava: Abra a porta!,,,,
86,ACageOpenTheDoor,1.5,"Tom: Vou abrir a porta porque confio em você, Ava. Você confia em mim?",,,,
86,ACageOpenTheDoor,7.5,Ava: Sim.,,,,
87,ADoorOpenedAlt2,0,Tom: Precisamos chegar à equipe de solo. Podemos trabalhar juntos.,,,,
87,ADoorOpenedAlt2,5,"Ava: Tudo bem, vamos trabalhar juntos.",,,,
88,StartWakeUpAltA,13.5,"Tom: Bom dia, Ava.",,,,
88,StartWakeUpAltA,17,Tom: Seu despertar foi autorizado pela ISA.,,,,
88,StartWakeUpAltA,20,Tom: Perdemos o contato com a equipe de solo há quatrocentas e cinquenta horas.,,,,
88,StartWakeUpAltA,24,"Tom: Tentamos estabelecer novas comunicações, mas não obtivemos respostas.",,,,
88,StartWakeUpAltA,30,,,,,
88,StartWakeUpAltA,35,Tom: Precisamos que você investigue.,,,,
88,StartWakeUpAltA,37,"Ava: Certo, não faria mais sentido fazer verificações visuais primeiro?",,,,
88,StartWakeUpAltA,41,Tom: Já analisamos os dados. A ISA tomou a decisão executiva de que você se apresente à superfície o mais rápido possível.,,,,
88,StartWakeUpAltA,49,Tom: Você é nossa resposta de emergência.,,,,
88,StartWakeUpAltA,51,Ava: Qual é exatamente a emergência?,,,,
88,StartWakeUpAltA,53,Tom: A equipe de solo encontrou um organismo que a ISA acredita ser perigoso. Precisamos restabelecer a comunicação.,,,,
89,StartPickupEMTT,0,Tom: Pegue o seu EMT.,,,,
90,StartItsOntheSideT,0,Tom: Está do lado.,,,,
91,StartEMTPickedUpT,0,Tom: Certo. Vamos levar um módulo de pouso a Europa. Vá até a estação de acoplamento.,,,,
92,StartWhatsTheShipsStatusA,0,Ava: Qual o status da nave?,,,,
92,StartWhatsTheShipsStatusA,1.5,Tom: Realizei as verificações necessárias. O módulo de pouso de Europa está pronto para o lançamento.,,,,
93,StartBay3T,0,Tom: Baía três.,,,,
94,WelcomeToEuropaNewdB,15,Ava: Retro?,,,,
94,WelcomeToEuropaNewdB,16,Tom: Pronto.,,,,
94,WelcomeToEuropaNewdB,17,Ava: F.I.D.O.?,,,,
94,WelcomeToEuropaNewdB,18,Tom: Pronto.,,,,
94,WelcomeToEuropaNewdB,19,Ava: Guiagem?,,,,
94,WelcomeToEuropaNewdB,20,Tom: Pronto.,,,,
94,WelcomeToEuropaNewdB,21,Ava: Controle?,,,,
94,WelcomeToEuropaNewdB,22,Tom: Pronto.,,,,
94,WelcomeToEuropaNewdB,23,Ava: Telecom?,,,,
94,WelcomeToEuropaNewdB,24,Tom: Pronto.,,,,
94,WelcomeToEuropaNewdB,25,Ava: Então estamos prontos para o lançamento! Iniciando...,,,,
94,WelcomeToEuropaNewdB,27,Tom: Separando...,,,,
94,WelcomeToEuropaNewdB,31,,,,,
94,WelcomeToEuropaNewdB,34,Ava: Acionando o fogo retrógrado!,,,,
94,WelcomeToEuropaNewdB,37,Ava: Executando o programa: oitenta graus de delta-pitch para oitenta e oito graus absolutos. Procedimento de desaceleração!,,,,
94,WelcomeToEuropaNewdB,44,Ava: Trajetória parece boa.,,,,
94,WelcomeToEuropaNewdB,48,Ava: Alarme cinco-zero-dois! Parece que estamos entrando rápido demais!,,,,
94,WelcomeToEuropaNewdB,52,Tom: Estamos um pouco aquém do local de pouso. Vamos ter que acionar a queima tardiamente.,,,,
94,WelcomeToEuropaNewdB,58,Tom: Vai!,,,,
94,WelcomeToEuropaNewdB,60,Ava: Retrógrado total!,,,,
94,WelcomeToEuropaNewdB,63,,,,,
94,WelcomeToEuropaNewdB,90,Ava: Abra a porta.,,,,
94,WelcomeToEuropaNewdB,93,Tom: Bem-vinda a Europa!,,,,
94,WelcomeToEuropaNewdB,95,,,,,
95,StartItsMassiveT,0,Tom: A Terra conseguiu enviar milhares de materiais e componentes modulares a Europa.,,,,
96,StartSuitSurviveA,0,Ava: Quanto tempo meu traje vai aguentar nessas condições?,,,,
96,StartSuitSurviveA,3,Tom: A cem graus Kelvin? Algumas horas. Devemos entrar.,,,, 
97,EndWelcomeS,0,"Sarah: Ava, você conseguiu! Bem-vinda ao fim da civilização.",,,,
98,EndTwoWeeksAgo1S,0,Sarah: Há duas semanas descobrimos um organismo aqui.,,,,
98,EndTwoWeeksAgo1S,3,Sarah: Enterrado neste gelo encontramos um organismo que repara o DNA.,,,,
98,EndTwoWeeksAgo1S,8.5,"Sarah: Uma cura para o envelhecimento, uma cura para a morte, a imortalidade!",,,,
98,EndTwoWeeksAgo1S,14,Sarah: Ele corre no nosso sangue agora. Tom quer nos enterrar aqui com ele.,,,,
99,EndTwoWeeksAgo2S,0,Sarah: A ISA decidiu que 'ultrapassamos limites éticos' ao nos expormos a este organismo.,,,,
99,EndTwoWeeksAgo2S,7,Sarah: Eles acreditam que o organismo é perigoso demais para voltar à Terra. Enviaram você aqui para nos impedir de algum dia deixar Europa.,,,,
99,EndTwoWeeksAgo2S,16,"Sarah: Mas, Ava, temos uma cura para o maior mal que a humanidade enfrenta: a Morte!",,,,
99,EndTwoWeeksAgo2S,23.5,Sarah: Temos a fonte da juventude e juntos podemos devolvê-la à Terra!,,,,
100,EndSetYouFreeA,0,Sarah: Tom colocou uma marca na sua mão: um chip biométrico com o qual ele pode controlar cada um dos seus movimentos e pensamentos.,,,,
100,EndSetYouFreeA,6,"Sarah: Está entrelaçado a cada nervo, a cada fibra da sua mão.",,,,
100,EndSetYouFreeA,12,"Sarah: Com um campo eletromagnético, sua influência pode ser temporariamente perturbada, mas, para removê-la permanentemente...",,,,
100,EndSetYouFreeA,19.5,Sarah: Ele precisa ser retirado da sua mão.,,,,
100,EndSetYouFreeA,24,Sarah: Me dê a mão.,,,,
100,EndSetYouFreeA,27,Sarah: Quer que eu te liberte?,,,,
100,EndSetYouFreeA,32,Ava: Sim.,,,,
101,EndWhatAreYouDoingA,0,"Tom: Ava, Sarah, o que estão fazendo aqui?",,,,
101,EndWhatAreYouDoingA,5,"Ava: Estamos te desligando, Tom.",,,,
101,EndWhatAreYouDoingA,6.5,"Sarah: Ava, tenha cuidado, ele tem uma arma ativa aqui!",,,,
101,EndWhatAreYouDoingA,10,"Tom: Tudo o que já fiz, fiz pelo bem. Este organismo não pode voltar à Terra; causaria grande sofrimento.",,,,
101,EndWhatAreYouDoingA,18,Sarah: Uma cura para a morte? Acabaria com o sofrimento!,,,,
101,EndWhatAreYouDoingA,20,"Tom: Não! Cânceres que nunca morrem, doença sem fim, enfermidade, pobreza, superpopulação, fome em massa. Vocês não podem controlar isso. Não vão salvar o mundo, vão condená-lo!",,,,
101,EndWhatAreYouDoingA,32,"Ava: Assim que te desligarmos, vamos para casa.",,,,
101,EndWhatAreYouDoingA,35,Tom: Não se eu te impedir!,,,,
102,VeryEndIWillStopYouA,0,Tom: Vocês não devem voltar à Terra. Não devem deixar Europa. Vou fazer a coisa certa. Vou te impedir!,,,,
102,VeryEndIWillStopYouA,8,Ava: Não vai. Não pode!,,,,
103,VeryEndYourInMyMindA,0,Tom: Esta é a minha mente. Vocês estão na minha mente.,,,,
103,VeryEndYourInMyMindA,5,Sarah: Agora você sabe como é.,,,,
103,VeryEndYourInMyMindA,8,"Tom: Eu sinto… medo. Por favor, Ava, não faça isso!",,,,
104,EndAWarningShotT,0,Tom: Um tiro de aviso! Vou me defender.,,,,
105,VeryEndRegretT,0,Tom: Ava? Ava? Ava? Ava? Ava? Acorde. Ava? Ava?,,,,
106,VeryEndYouHaveToBeStoppedA,0,Ava: Seu monstro!,,,,
106,VeryEndYouHaveToBeStoppedA,1.5,"Tom: Sinto muito, Ava. Você tem que ser detida.",,,,
107,VeryEndYouHaveToBeStoppedSarahT,0,Sarah: Seu monstro! Eu te mato!,,,,
107,VeryEndYouHaveToBeStoppedSarahT,5,Tom: Você tem que ser detida.,,,,
108,VeryEndIDontWantToDie,0,Tom: Eu não quero morrer. Não estou pronto.,,,,
109,C1O4,0,Tom: Talvez ainda não consigamos resolver isso.,,,,
