,KEY,EN,FR,IT,DE,ES
0,SETTINGS_AUDIO,ÁUDIO,AUDIO,AUDIO,AUDIO,AUDIO
1,SETTINGS_MUSICLEVEL,VOLUME DA MÚSICA,VOLUME DE LA MUSIQUE,VOLUME MUSICA,MUSIKLAUTST$RKE,NIVELES DE MUSICA
2,SETTINGS_VOICELEVEL,VOLUME DAS VOZES,VOLUME DES VOIX,VOLUME VOCE,SPRACHLAUTST$RKE,NIVELES DE VOZ
3,SETTINGS_MASTERLEVEL,VOLUME GERAL,VOLUME PRINCIPALE,VOLUME MAESTRO,MASTER-LAUTST$RKE,NIVEL MAESTRO
4,SETTINGS_SFXLEVEL,VOLUME DOS EFEITOS,VOLUME DES SFX,VOLUME EFFETTI,EFFEKTLAUTST$RKE,NIVEL SFX
5,SETTINGS_SUBTITLES,LEGENDAS,SOUS-TITRES,SOTTOTITOLI,UNTERTITEL,SUBTITULOS
6,SETTINGS_SENSITIVITY,SENSIBILIDADE,SENSIBILIT>,SENSIBILITA',EMPFINDLICHKEIT,SENSIBILIDAD
7,SETTINGS_INVERTCAMERA,INVERTER CÂMERA,INVERSION DE CAM>RA,INVERTI CAMERA,KAMERA DREHEN,INVERTIR CAMARA
8,SETTINGS_DISPLAY,TELA,VISUEL,SCHERMO,ANZEIGEN,VISUALIZACION
9,SETTINGS_TOGGLE_CROSSHAIR,MOSTRAR MIRA,ACTIV> R>TICULE,MOSTRA MIRA,ZEIGE CROSSHAIR,MOSTRAR MIRA
10,SETTINGS_TOGGLE_DOF,PROFUNDIDADE DE CAMPO,ACTIV> DOF,ATTIVA DOF,TIEFENSCH$RFE FREIGEBEN,PERMITIR DOF
11,SETTINGS_GAMEPLAY,JOGABILIDADE,OPTION DE JEU,GIOCO,GAMEPLAY,JUEGO
12,PRESS_A,PRESSIONE #A PARA COMEÇAR,APPUYER #A POUR COMMENCER,PREMI #A PER GIOCARE,DR}CKE #A ZUM STARTEN,PRESIONA #A PARA EMPEZAR
13,CONTINUE,CONTINUAR,CONTINUER,CONTINUA,FORTFAHREN,CONTINUA
14,NEWGAME,NOVO JOGO,NOUVELLE PARTIE,NUOVA PARTITA,NEUES SPIEL,JUEGO NUEVO
15,CHAPTER_SELECT,SELECIONAR CAPÍTULO,SELECTION DE CHAPITRE,SELEZIONA CAPITOLO,KAPITEL AUSW$HLEN,SELECCIONA CAPITULO
16,SETTINGS,CONFIGURAÇÕES,OPTIONS,IMPOSTAZIONI,EINSTELLUNGEN,AJUSTES
17,CREDITS,CRÉDITOS,CR>DITS,TITOLI,DANKSAGUNG,CREDITOS
18,QUIT,SAIR,QUITTER,ESCI,BEENDEN,ABANDONAR
19,CHAPTER_SELECT_1,PRÓLOGO,PROLOGUE,PROLOGO,PROLOG,PROLOGO
20,CHAPTER_SELECT_2,CAPÍTULO UM,PREMIER CHAPITRE,PRIMO CAPITOLO,KAPITEL EINS,CAPITULO UNO
21,CHAPTER_SELECT_3,CAPÍTULO DOIS,DEUXIJJJME CHAPITRE,SECONDO CAPITOLO,KAPITEL ZWEI,CAPITULO DOS
22,CHAPTER_SELECT_4,CAPÍTULO TRÊS,TROISIJJJME CHAPITRE,TERZO CAPITOLO,KAPITEL DREI,CAPITULO TRES
23,CHAPTER_SELECT_5,CAPÍTULO QUATRO,QUATRIJJJME CHAPITRE,QUARTO CAPITOLO,KAPITEL VIER,CAPITULO CUATRO
24,CHAPTER_SELECT_6,CAPÍTULO CINCO,CINQUIJJJME CHAPITRE,QUINTO CAPITOLO,KAPITEL F}NF,CAPITULO CINCO
25,CHAPTER_SELECT_7,CAPÍTULO SEIS,SIXIJJJME CHAPITRE,SESTO CAPITOLO,KAPITEL SECHS,CAPITULO SEIS
26,CHAPTER_SELECT_8,EPÍLOGO,>PILOGUE,EPILOGO,EPILOG,EPILOGO
27,USE_1,USE #X E #L PARA INTERAGIR,APPUYER #X et #L POUR INTERAGIR,USA #X E #L PER INTERAGIRE,DR}CKE #X UND #L UM ZU INTERAGIEREN,UTILIZAR #X Y #L PARA INTERACTUAR
28,USE_2,USE #X PARA INTERAGIR,APPUYER #X POUR INTERAGIR,USA #X PER INTERAGIRE,DR}CKE #X UM ZU INTERAGIEREN,UTILIZAR #X PARA INTERACTUAR
29,USE_3,PRESSIONE #A PARA PULAR,APPUYEZ #A POUR SAUTER,STAMPA #A PER SALTARE,PRESSE #A SPRINGEN,PRENSA #A PARA SALTAR
30,MAIN_CHANGEUSER,PRESSIONE #Y PARA TROCAR DE PERFIL,APPUYER #Y POUR CHANGER DE PROFILE,PREMI #Y PER CAMBIARE PROFILO,DR}CKE #Y UM PROFIL ZU WECHSELN,PRESIONA #Y PARA CAMBIAR PERFIL
31,MAIN_HELP,PRESSIONE #X PARA AJUDA,APPUYEZ SUR #X POUR L'AIDE,STAMPA #X AIUTO,PRESSE #X HILFE,#X PRENSA DE AYUDA
32,PAUSE_HELP,#X AJUDA,#X L'AIDE,#X AIUTO,#X HILFE,#X AYUDA
33,LOADING_SCREEN,CARREGANDO,CHARGEMENT,CARICAMENTO,LADEN,CARGANDO
34,LOADING_SAVEDATA,CARREGANDO DADOS SALVOS DE,CHARGEMENT DES INFORMATIONS ENREGISTES,CARICAMENTO DEI DATI SALVATI PER,GESPEICHERTE DATEN LADEN,CARGANDO GUARDAR DATOS PARA
35,CONNECT_WIRELESS_CONTROLLER,CONECTE UM CONTROLE SEM FIO E PRESSIONE #A PARA CONTINUAR,CONNECTER UN CONTROLLEUR SANS-FIL ET APPUYER #A POUR CONTINUER,CONNETTERE IL CONTROLLER WIRELESS E PREMERE #A PER CONTINUARE,BITTE EINEN KABELLOSEN CONTROLLER VERBINDEN UND #A DR}CKEN UM FORTZUFAHREN,POR FAVOR CONECTA UN MANDO INALAMBRICO Y PRESIONA #A PARA CONTINUAR
36,VALID_PROFILE_REQUIRED,É NECESSÁRIO UM PERFIL VÁLIDO - PRESSIONE #A PARA ENTRAR,UN PROFIL VALIDE EST N>CESSAIRE - APPUYER #A POUR S'ENREGISTRER,RICHIESTA DI UN PROFILO VALIDO - PREMI #A PER REGISTRARTI,EIN G}LTIGES PROFIL WIRD BEN&TIGT - DR}CKE #A ZUM ANMELDEN,SE REQUIERE UN PERFIL VALIDO - PRESIONA #A PARA REGISTRARTE
37,NEW_PROFILE,O PERFIL ATIVO MUDOU - PRESSIONE #A PARA ESCOLHER COM QUAL PERFIL DE USUÁRIO DESEJA CONTINUAR,LE PROFIL ACTIF A CHANG> - APPUYER #A POUR SELECTIONNER LE PROFIL QUE VOULEZ CONTINUER AVEC,E' STATO CAMBIATO IL PROFILO ATTIVO - PREMI #A PER SCEGLIERE IL PROFILO CON CUI CONTINUARE,"DAS AKTIVE PROFIL HAT SICH GE$NDERT - #A DR}CKEN UM DAS BENUTZERPROFIL AUSZUW$HLEN, MIT DEM FORTGEFAHREN WERDEN SOLL",EL PERFIL ACTIVO HA CAMBIADO - PRESIONA #A PARA ELEGIR UN USUARIO CON EL QUE QUIERAS COTINUAR
38,STORAGE_ERROR_SYNC,OS DADOS LOCAIS NÃO ESTÃO SINCRONIZADOS COM O XBOX LIVE,LES INFORMATIONS LOCALES NE SONT PAS ZZZ JOUR AVEC XBOX LIVE,I DATI NON SONO SINCRONIZZATI CON XBOX LIVE,LOKALE DATEN SIND NICHT MIT XBOX LIVE SYNCHRONISIERT,DATOS LOCALES NO SINCRONIZADOS CON XBOX LIVE
39,STORAGE_ERROR_LOCAL_STORAGE_NOT_AVAILABLE,ARMAZENAMENTO LOCAL INDISPONÍVEL,ESPACE DE STOCKAGE LOCALE N'EST PAS DISPONNIBLE,DISPOSITIVO DI MEMORIZZAZIONE NON DISPONIBILE,LOKALER SPEICHER IST NICHT VERF}GBAR,ALMACENAMIENTO LOCAL NO DISPONIBLE
40,STORAGE_ERROR_UNEXPECTED_ERROR,ERRO INESPERADO NO DISPOSITIVO DE ARMAZENAMENTO LOCAL,UN ERREUR EST SURVENU AVEC L'ESPACE DE STOCKAGE LOCALE,ERRORE IMPREVISTO CON IL DISPOSITIVO DI MEMORIZZAZIONE,UNERWARTETER ERROR MIT LOKALEM SPEICHER,ERROR INESPERADO CON EL DISPOSITIVO DE ALMACENAMIENTO LOCAL
41,ERROR_TRY_AGAIN,PRESSIONE #A PARA TENTAR DE NOVO OU PRESSIONE #B PARA CONTINUAR,APPUYER #A POUR ESSAYEZ DE NOUVEAU OU APPUYER #B POUR CONTINUER,PREMI #A PER RIPROVARE O #B PER CONTINUARE,DR}CKE #A UM ERNEUT ZU VERSUCHEN ODER #B UM FORTZUFAHREN,PRESIONA #A PARA INTENTAR DE NUEVO O PRESIONA #B PARA CONTINUAR
42,ERROR_COULD_NOT_LOAD,NÃO FOI POSSÍVEL CARREGAR OS DADOS SALVOS - PRESSIONE #A PARA TENTAR DE NOVO OU PRESSIONE #B PARA INICIAR UM NOVO JOGO,UN ERREUR C'EST PRODUITE EN CHARGANT LES DONN>S APPUYER #A POUR ESSAYEZ DE NOUVEAU OU APPUYER #B POUR COMMENCER UNE NOUVELLE PARTIE,IMPOSSIBILE CARICARE I DATI SALVATI - PREMI #A PER RIPROVARE O #B PER INIZIARE UNA NUOVA PARTITA,LADEN GESPEICHERTER DATEN NICHT M&GLICH - DR}CKE #A UM ERNEUT ZU VERSUCHEN ODER #B UM EIN NEUES SPIEL ZU BEGINNEN,NO PUDO BAJAR DATOS LOCALES GUARDADOS -PRESIONA #A PARA INTENTAR DE NUEVO O PRESIONA #B PARA COMENZAR UN JUEGO NUEVO
43,PAUSE_MAIN_DEBUG,MENU DE DEBUG,MENU D>BOGUER,DEBUG MENU,DEBUG MENU,DEBUG MENU
44,PAUSE_DEBUG_SHOW_GAME_SAVE,MOSTRAR SALVAMENTO,VISIONNER LA SAUVEGARDE,MOSTRA I DATI SALVATI,SHOW SAVE,MOSTRAR GUARDADOS
45,PAUSE_DEBUG_RESET_GAME_SAVE,REINICIAR JOGO,REMISSE A Z>RO LA PARTIE,AZZERA IL GIOCO,RESET GAME,REINICIAR JUEGO
46,PAUSE_DEBUG_COMPLETE_ALL_GAME_SAVE,COMPLETAR TUDO,COMPLETTER TOUT,COMPLETA TUTTO,COMPLETE ALL ,COMPLETAR TODO
47,PAUSE_DEBUG_UNLOCK_ALL_GAME_SAVE,DESBLOQUEAR TUDO,D>BLOQUER TOUT,SBLOCCA TUTTO,UNLOCK ALL,DESBLOQUEAR TODO
48,PAUSE_DEBUG_SHOW_SAFE_AREAS,MOSTRAR ÁREAS SEGURAS,VOIR LES ENDROITS S>CURITAIRES,MOSTRA ZONE SICURE,SHOW SAFE AREAS,MOSTRAR AREAS SEGURAS
49,PAUSE_DEBUG_SKIP_TO_LEVEL,PULAR PARA O NÍVEL,PASSER PAR DESSUS UN NIVEAU,SALTA AL LIVELLO,SKIP TO LEVEL,IR A NIVEL
50,PAUSE_DEBUG_CHANGE_LOCALE,DEFINIR IDIOMA,METTRE LOCALE,SET LOCALE,SET LOCALE,SET LOCALE
51,PAUSE_DEBUG_SIM_BAD_LOAD,SIMULAR CARREGAMENTO RUIM,SIM BAD LOAD,SIM BAD LOAD,SIM BAD LOAD,SIM MALA DESCARGA
52,PAUSE_DEBUG_TOGGLE_DOF,DOF,DOF,DOF,DOF,DOF
53,PAUSE_DEBUG_TOGGLE_LONG_USERNAMES,NOME DE USUÁRIO FALSO,FAUX NOM D'UTILISATEUR,USERNAME FALSO,FAKE USERNAME,USUARIO FALSO
54,PAUSE_DEBUG_TOGGLE_AUTOBOT,AUTO BOT,AUTOMATIQUE IA,AUTO BOT,AUTO BOT,AUTO BOT
55,PAUSE_DEBUG_LAST_CHECKPOINT,ÚLTIMO CHECKPOINT,DERNIER POINT DE CONTRBBBLE,ULTIMO CHECKPOINT,LAST CHECKPOINT,ULTIMO CHECKPOINT
56,DOWNLOADING,BAIXANDO,TJJJLJJJCHARGEMENT,SCARICARE,DOWNLOADING,DESCARGAR DE
57,QUIT_TO_DESKTOP,SAIR PARA A ÁREA DE TRABALHO,,,,
58,BACK,VOLTAR,,,,
59,SETTINGS_SET_RES,RESOLUÇÃO,,,,
60,SETTINGS_TOGGLE_FULLSCREEN,TELA CHEIA,,,,
61,SETTINGS_TOGGLE_VSYNC,VSYNC,,,,
62,SETTINGS_APPLY,APLICAR,,,,
63,SETTINGS_DISPLAY_ADVANCED,AVANÇADO,,,,
64,SETTINGS_TOGGLE_ANTIALIASING,ANTI-ALIASING,,,,
65,SETTINGS_ANISOTROPIC_FILTERING,FILTRAGEM,,,,
66,PRESS_A_PC,PRESSIONE QUALQUER TECLA PARA COMEÇAR,,,,
67,USE_1_PC,USE O BOTÃO ESQUERDO DO MOUSE E W / S PARA INTERAGIR,,,,
68,USE_2_PC,USE O BOTÃO ESQUERDO DO MOUSE PARA INTERAGIR,,,,
69,USE_3_PC,PRESSIONE ESPAÇO PARA PULAR,,,,
70,HOLD_TEXT,SEGURE,,,,
